Product Name,Product Category,Product Description,Image URL
exhaust-system,Exhaust System,Image of exhaust system parts.,<https://drive.google.com/open?id=1BrXcobEaC92245bT1-VNGReUb1TW8asc>
universal-components,Universal Components,Image of universal components.,<https://drive.google.com/open?id=1fWhhPXiRXXiw397iMV2n4D0hFC3qSJbJ>
suspension-ab1,Suspension,Image of suspension parts.,<https://drive.google.com/open?id=1FRLeYS9Ok9xK-ShMaxj9yTJoYcakKtHx>
steering-system,Steering System,Image of steering system parts.,<https://drive.google.com/open?id=1aXJsBuFv0RIf6x8Sp9sv6JNDoXSH9y24>
pumps,Pumps,Image of pumps.,<https://drive.google.com/open?id=1JKYlz1NOMAoqpIFmk9MZcQK0llMd54XD>
pulleys-with-belts,Pulleys and Belts,Image of pulleys with belts.,<https://drive.google.com/open?id=12JxFDSADk-WGup-Pbg2UrZXkYZ1A98qz>
propshaft-grou,Propshaft,Image of propshaft group.,<https://drive.google.com/open?id=124ZAw5ZYeD7uSku1Gj7sOePYy-7uLGq6>
hooters-buzers-alasrms,Electrical,"Hooters, buzzers, and alarms image.",<https://drive.google.com/open?id=1X20QdPaWLZGMPs_5JEPiUSf3ss1DBLhV>
head-lamps,Electrical,Head lamps image.,<https://drive.google.com/open?id=1eqe8abf2c1nkh91yQGFoBSTn_3pGuwt9>
fuel-parts,Fuel System,Image of fuel system parts.,<https://drive.google.com/open?id=1LkYsitCjHRP_hoDSxL2FqHwNuhcr177v>
filtration-group,Filtration,Image of filtration group parts.,<https://drive.google.com/open?id=1AMNVLJKhVlmuH9e9tFKfbJhWypDMSJVR>
engine-parts,Engine Parts,Image of engine parts.,<https://drive.google.com/open?id=1ihmW-eVYhSSRaVdxRoobsyk1aSaFkfeJ>
cooling,Cooling System,Image of cooling system parts.,<https://drive.google.com/open?id=1MB7fQE3MKm47pyXYLD0T3IRVsJ36D40B>
clutch-group,Clutch System,Image of clutch group parts.,<https://drive.google.com/open?id=1Mqb1OV0inUk2HS9UMEwZZbiDerTuMYaU>
clutch-accesories,Clutch System,Image of clutch accessories.,<https://drive.google.com/open?id=1Kw_iksfXWXQ6MdlQFH-n4KdO9XKHFj7k>
brake-parts,Brake System,Image of brake system parts.,<https://drive.google.com/open?id=1mGC8UogFdQP92g_17aAH7oQS_1oukPx0>
Lubricants-group,Lubricants,"POWER 5W-40, TURBO POWER SAE 10W-40",<https://drive.google.com/open?id=1NzMjBiYV-DFoJ96EmQ4zDpdpu7XeCUSN>
electricals-parts,Electrical,EUROSPEC CALCIUM SUPER POWER Battery.,<https://drive.google.com/open?id=1xg7-5Ko6AQvi9FVLeYNadJQqUPS_b3uK>
,,,
Sources:,,,
https://drive.google.com/open?id=1Yj1H7BScwegBBuuOWyEJOjkhQX3qGQV8,,,